{
  "project_info": {
    "project_number": "337110993999",
    "firebase_url": "https://coolproject-3760c.firebaseio.com",
    "project_id": "coolproject-3760c",
    "storage_bucket": "coolproject-3760c.appspot.com"
  },
  "client": [
    {
      "client_info": {
        "mobilesdk_app_id": "1:337110993999:android:322deccf741c340f",
        "android_client_info": {
          "package_name": "com.example.coolproject"
        }
      },
      "oauth_client": [
        {
          "client_id": "337110993999-mlfngfsgnd4f1af0e8rivf98llp26b8g.apps.googleusercontent.com",
          "client_type": 3
        }
      ],
      "api_key": [
        {
          "current_key": "AIzaSyDA0Bz6YV1o80Otwxrf5vYHpSPbNgUYRws"
        }
      ],
      "services": {
        "appinvite_service": {
          "other_platform_oauth_client": [
            {
              "client_id": "337110993999-mlfngfsgnd4f1af0e8rivf98llp26b8g.apps.googleusercontent.com",
              "client_type": 3
            }
          ]
        }
      }
    }
  ],
  "configuration_version": "1"
}